{"cameraMode":{"drawMode":0,"name":"Shaded","section":"Shading Mode"},"sceneLighting":false,"audioPlay":false,"sceneViewState":{"showFog":false,"showMaterialUpdate":false,"showSkybox":false,"showFlares":false,"showImageEffects":false,"showParticleSystems":false},"in2DMode":false,"pivot":{"x":0.0,"y":-0.17000000178813935,"z":0.33799999952316286},"rotation":{"x":-0.39918622374534609,"y":0.019261611625552179,"z":-0.008376638405025006,"w":-0.9166471362113953},"size":4.308017730712891,"orthographic":false}