{"cameraMode":{"drawMode":0,"name":"Shaded","section":"Shading Mode"},"sceneLighting":true,"audioPlay":false,"sceneViewState":{"showFog":false,"showMaterialUpdate":false,"showSkybox":false,"showFlares":false,"showImageEffects":false,"showParticleSystems":false},"in2DMode":false,"pivot":{"x":-0.016060544177889825,"y":-11.247161865234375,"z":10.90770149230957},"rotation":{"x":0.32122746109962466,"y":0.010486057959496975,"z":-0.003469005459919572,"w":0.9469746947288513},"size":22.896984100341798,"orthographic":false}